{
  "ckpt": "vae_v4_final.pt",
  "epoch": 74,
  "model_config": {
    "in_ch": 1,
    "latent_ch": 8,
    "base_ch": 128,
    "ch_mults": [
      1
    ],
    "downsamples": 1,
    "latent_shape": [
      8,
      32,
      32,
      32
    ]
  },
  "latent_mean": [
    0.11917653679847717,
    0.07262162119150162,
    -0.003978715278208256,
    0.11380813270807266,
    -0.014718418009579182,
    0.04097140580415726,
    -0.09057185053825378,
    -0.08319646865129471
  ],
  "latent_std": [
    2.6121809482574463,
    3.190626621246338,
    1.6331766843795776,
    4.038961410522461,
    1.6125987768173218,
    1.8049213886260986,
    2.966630697250366,
    1.625549554824829
  ],
  "per_dataset_eval": {
    "astro-val-z10": {
      "n": 100,
      "mse": 7.343202014453709e-05,
      "mse_over_var": 8.395614268584793e-05,
      "ps_large": 0.9935512807385444,
      "ps_mid": 0.9960014043703567,
      "ps_small": 0.991321008028418
    },
    "astro-test-z10": {
      "n": 100,
      "mse": 8.60020809341222e-05,
      "mse_over_var": 9.165607977963863e-05,
      "ps_large": 0.9933010586151543,
      "ps_mid": 0.9954251048861472,
      "ps_small": 0.9915810966535645
    },
    "IC-val-z8": {
      "n": 5,
      "mse": 0.00011745081428671256,
      "mse_over_var": 0.00011919386265899365,
      "ps_large": 0.9852056212261416,
      "ps_mid": 0.9907814614513425,
      "ps_small": 0.9923436132665753
    },
    "IC-test-z8": {
      "n": 5,
      "mse": 0.00011962766438955441,
      "mse_over_var": 0.00012336750392298538,
      "ps_large": 0.9865866247435845,
      "ps_mid": 0.9922534420871881,
      "ps_small": 0.9924158889038894
    },
    "IC-val-z9": {
      "n": 5,
      "mse": 0.00012171617709100246,
      "mse_over_var": 0.0001216895141062823,
      "ps_large": 0.9898431015575271,
      "ps_mid": 0.9939558142695708,
      "ps_small": 0.9913274230752803
    },
    "IC-test-z9": {
      "n": 5,
      "mse": 0.00010979491344187409,
      "mse_over_var": 0.00011427937255329286,
      "ps_large": 0.9913738216115451,
      "ps_mid": 0.9948172589392271,
      "ps_small": 0.9922013294733782
    },
    "IC-val-z10": {
      "n": 8,
      "mse": 0.00014350820856634527,
      "mse_over_var": 0.00014310318834158262,
      "ps_large": 0.9893349804933156,
      "ps_mid": 0.9947275963005724,
      "ps_small": 0.990136010155188
    },
    "IC-test-z10": {
      "n": 8,
      "mse": 0.00016443441563751549,
      "mse_over_var": 0.00015765093644080352,
      "ps_large": 0.9907419296236297,
      "ps_mid": 0.9925149969695208,
      "ps_small": 0.9883562759587757
    },
    "IC-val-z11": {
      "n": 5,
      "mse": 0.0003958286833949387,
      "mse_over_var": 0.0003952705949818236,
      "ps_large": 0.9785804416192053,
      "ps_mid": 0.9815696805821666,
      "ps_small": 0.9834371733552711
    },
    "IC-test-z11": {
      "n": 5,
      "mse": 0.00031777919502928853,
      "mse_over_var": 0.00033148314057282734,
      "ps_large": 0.9790231444536744,
      "ps_mid": 0.9838969121888723,
      "ps_small": 0.9870319580913482
    },
    "IC-val-z12": {
      "n": 5,
      "mse": 0.0010814681882038713,
      "mse_over_var": 0.0010765717332332672,
      "ps_large": 0.9654455458806652,
      "ps_mid": 0.9655449575106373,
      "ps_small": 0.9681289903271253
    },
    "IC-test-z12": {
      "n": 5,
      "mse": 0.0012859656708315015,
      "mse_over_var": 0.0013777880639723147,
      "ps_large": 0.9688570293855691,
      "ps_mid": 0.9662991820637978,
      "ps_small": 0.9656602188868219
    }
  }
}